Customer_ID,Account_Age_Days,Login_Frequency,Daily_Usage_Mins,Churn,Churn_Prediction,Rish_Level
CUST001,790,3,28,0,0,Safe
CUST002,399,4,28,1,1,High Risk
CUST003,646,4,110,0,0,Safe
CUST004,113,3,21,0,0,Safe
CUST005,322,3,7,1,1,High Risk
CUST006,8,4,40,0,0,Safe
CUST007,436,1,3,1,1,High Risk
CUST008,973,3,20,0,0,Safe
CUST009,305,4,25,0,0,Safe
CUST010,26,4,35,0,0,Safe
CUST011,726,1,9,1,1,High Risk
CUST012,911,4,18,0,0,Safe
CUST013,1017,1,7,1,1,High Risk
CUST014,791,4,17,0,0,Safe
CUST015,599,4,46,0,0,Safe
CUST016,19,3,26,0,0,Safe
CUST017,691,1,1,1,1,High Risk
CUST018,496,1,11,1,1,High Risk
CUST019,691,4,32,1,1,High Risk
CUST020,8,4,57,0,0,Safe
CUST021,64,3,57,0,0,Safe
CUST022,922,3,27,0,0,Safe
CUST023,98,1,2,1,1,High Risk
CUST024,710,3,51,0,0,Safe
CUST025,152,4,38,0,0,Safe
CUST026,466,3,41,0,0,Safe
CUST027,366,1,2,1,1,High Risk
CUST028,747,3,10,1,1,High Risk
CUST029,892,3,13,1,1,High Risk
CUST030,1044,4,81,0,0,Safe
CUST031,112,3,8,1,1,High Risk
CUST032,330,1,8,1,1,High Risk
CUST033,440,3,1,1,1,High Risk
CUST034,1083,3,55,0,0,Safe
CUST035,801,4,23,0,0,Safe
CUST036,139,1,12,0,0,Safe
CUST037,968,3,47,0,0,Safe
CUST038,570,4,105,0,0,Safe
CUST039,383,3,39,0,0,Safe
CUST040,382,4,58,0,0,Safe
CUST041,917,1,12,1,1,High Risk
CUST042,835,3,6,1,1,High Risk
CUST043,506,1,4,1,1,High Risk
CUST044,575,4,68,0,0,Safe
CUST045,446,3,15,1,0,Safe
CUST046,698,4,65,0,0,Safe
CUST047,903,4,27,0,0,Safe
CUST048,56,3,42,0,0,Safe
CUST049,1049,3,1,1,1,High Risk
CUST050,894,1,1,1,1,High Risk
CUST051,676,3,3,1,1,High Risk
CUST052,415,4,40,1,1,High Risk
CUST053,47,4,113,0,0,Safe
CUST054,792,3,27,0,0,Safe
CUST055,344,4,60,0,0,Safe
CUST056,939,4,25,0,0,Safe
CUST057,751,1,14,1,1,High Risk
CUST058,601,4,101,0,0,Safe
CUST059,1049,4,45,0,0,Safe
CUST060,395,4,51,0,0,Safe
CUST061,1023,1,7,1,1,High Risk
CUST062,237,3,23,1,1,High Risk
CUST063,873,3,51,0,0,Safe
CUST064,874,4,53,0,0,Safe
CUST065,175,4,112,0,0,Safe
CUST066,979,3,18,0,0,Safe
CUST067,1052,3,51,1,1,High Risk
CUST068,1080,1,5,1,1,High Risk
CUST069,131,4,19,0,0,Safe
CUST070,923,4,15,0,0,Safe
CUST071,818,4,19,0,0,Safe
CUST072,830,4,52,1,1,High Risk
CUST073,102,3,31,0,0,Safe
CUST074,921,3,57,0,1,High Risk
CUST075,265,1,5,1,1,High Risk
CUST076,173,4,110,0,0,Safe
CUST077,326,3,18,0,0,Safe
CUST078,38,4,119,0,0,Safe
CUST079,131,3,29,0,0,Safe
CUST080,874,4,70,0,0,Safe
CUST081,627,3,55,0,0,Safe
CUST082,525,4,15,0,0,Safe
CUST083,1093,3,46,0,0,Safe
CUST084,991,3,20,0,0,Safe
CUST085,684,1,5,1,1,High Risk
CUST086,926,4,58,0,0,Safe
CUST087,555,3,23,0,0,Safe
CUST088,666,1,3,0,0,Safe
CUST089,313,3,8,1,1,High Risk
CUST090,504,4,23,1,1,High Risk
CUST091,543,4,51,0,0,Safe
CUST092,533,3,51,0,0,Safe
CUST093,815,4,22,0,0,Safe
CUST094,446,1,12,1,1,High Risk
CUST095,350,1,8,0,0,Safe
CUST096,732,3,16,0,0,Safe
CUST097,662,1,11,1,1,High Risk
CUST098,627,3,8,1,1,High Risk
CUST099,294,3,33,0,0,Safe
CUST100,986,3,13,0,1,High Risk
CUST101,758,4,82,0,0,Safe
CUST102,388,1,5,1,1,High Risk
CUST103,425,1,7,1,1,High Risk
CUST104,213,4,82,0,0,Safe
CUST105,821,4,95,0,0,Safe
CUST106,467,3,24,0,0,Safe
CUST107,112,3,17,0,0,Safe
CUST108,415,3,9,1,1,High Risk
CUST109,224,4,54,0,0,Safe
CUST110,246,4,39,0,0,Safe
CUST111,118,3,9,1,1,High Risk
CUST112,637,4,33,0,0,Safe
CUST113,277,3,46,1,1,High Risk
CUST114,122,3,8,1,1,High Risk
CUST115,253,4,15,0,0,Safe
CUST116,959,3,4,1,0,Safe
CUST117,758,4,59,0,0,Safe
CUST118,425,3,28,0,0,Safe
CUST119,414,3,8,1,1,High Risk
CUST120,286,3,51,0,0,Safe
CUST121,429,3,9,1,1,High Risk
CUST122,83,4,58,0,0,Safe
CUST123,522,4,56,0,0,Safe
CUST124,91,4,24,0,0,Safe
CUST125,708,3,58,0,0,Safe
CUST126,423,4,45,1,1,High Risk
CUST127,146,4,113,0,0,Safe
CUST128,155,4,40,0,0,Safe
CUST129,629,4,47,0,0,Safe
CUST130,792,3,49,0,0,Safe
CUST131,693,3,14,1,1,High Risk
CUST132,632,3,44,0,0,Safe
CUST133,843,3,55,0,0,Safe
CUST134,1067,3,13,1,1,High Risk
CUST135,664,3,27,0,0,Safe
CUST136,722,4,101,0,0,Safe
CUST137,82,3,7,1,1,High Risk
CUST138,320,4,34,1,1,High Risk
CUST139,918,4,29,0,0,Safe
CUST140,551,3,2,0,0,Safe
CUST141,162,3,40,0,0,Safe
CUST142,798,3,20,1,1,High Risk
CUST143,154,1,2,1,1,High Risk
CUST144,624,3,2,1,1,High Risk
CUST145,135,1,5,1,1,High Risk
CUST146,694,4,24,0,0,Safe
CUST147,722,1,8,1,1,High Risk
CUST148,66,1,10,1,1,High Risk
CUST149,858,1,12,1,1,High Risk
CUST150,1018,4,65,0,0,Safe
CUST151,586,4,58,0,0,Safe
CUST152,311,3,5,1,1,High Risk
CUST153,561,3,29,1,1,High Risk
CUST154,670,4,77,0,0,Safe
CUST155,435,4,82,0,0,Safe
CUST156,812,4,51,0,0,Safe
CUST157,90,4,35,0,0,Safe
CUST158,350,1,5,1,1,High Risk
CUST159,32,1,11,1,1,High Risk
CUST160,199,1,4,1,1,High Risk
CUST161,568,3,55,1,1,High Risk
CUST162,664,4,82,0,0,Safe
CUST163,236,3,8,1,1,High Risk
CUST164,522,1,11,0,1,High Risk
CUST165,982,4,58,0,0,Safe
CUST166,198,3,33,0,0,Safe
CUST167,689,3,41,0,0,Safe
CUST168,297,1,6,1,1,High Risk
CUST169,1051,4,19,1,0,Safe
CUST170,722,1,7,1,1,High Risk
CUST171,667,4,76,0,0,Safe
CUST172,175,4,99,0,0,Safe
CUST173,1011,1,14,0,0,Safe
CUST174,427,3,24,0,0,Safe
CUST175,652,4,76,0,0,Safe
CUST176,903,3,7,1,1,High Risk
CUST177,865,4,45,0,0,Safe
CUST178,435,1,1,1,1,High Risk
CUST179,1069,3,23,0,0,Safe
CUST180,318,3,8,1,1,High Risk
CUST181,339,4,119,0,0,Safe
CUST182,848,4,73,0,0,Safe
CUST183,698,3,14,0,0,Safe
CUST184,442,4,83,0,0,Safe
CUST185,96,4,60,0,0,Safe
CUST186,488,4,36,0,0,Safe
CUST187,867,4,53,0,0,Safe
CUST188,952,3,58,0,0,Safe
CUST189,521,3,59,0,0,Safe
CUST190,1084,3,10,1,1,High Risk
CUST191,98,4,70,0,0,Safe
CUST192,226,3,26,0,0,Safe
CUST193,356,3,33,0,0,Safe
CUST194,982,4,49,1,1,High Risk
CUST195,763,4,101,0,0,Safe
CUST196,202,3,14,0,0,Safe
CUST197,62,1,14,1,1,High Risk
CUST198,605,4,68,0,0,Safe
CUST199,1011,4,25,0,0,Safe
CUST200,149,3,12,1,1,High Risk
CUST201,390,3,1,1,1,High Risk
CUST202,201,3,7,1,1,High Risk
CUST203,1069,4,97,0,0,Safe
CUST204,635,4,117,0,0,Safe
CUST205,1010,4,74,0,0,Safe
CUST206,95,3,31,0,0,Safe
CUST207,869,1,8,1,1,High Risk
CUST208,442,4,83,0,0,Safe
CUST209,1030,3,8,0,0,Safe
CUST210,405,3,5,1,1,High Risk
CUST211,1057,1,2,1,1,High Risk
CUST212,78,4,53,1,1,High Risk
CUST213,349,3,46,1,0,Safe
CUST214,1005,4,100,0,0,Safe
CUST215,1087,4,52,0,0,Safe
CUST216,765,3,3,0,0,Safe
CUST217,456,3,21,0,0,Safe
CUST218,961,3,4,0,0,Safe
CUST219,214,3,10,1,1,High Risk
CUST220,474,4,20,1,1,High Risk
CUST221,901,1,5,1,1,High Risk
CUST222,49,3,12,1,1,High Risk
CUST223,356,3,43,0,0,Safe
CUST224,147,4,47,0,0,Safe
CUST225,468,4,57,0,0,Safe
CUST226,1055,4,64,0,0,Safe
CUST227,924,4,71,0,0,Safe
CUST228,51,4,49,0,0,Safe
CUST229,448,3,45,0,0,Safe
CUST230,775,4,79,0,0,Safe
CUST231,40,3,28,0,0,Safe
CUST232,181,1,14,1,1,High Risk
CUST233,452,3,4,0,0,Safe
CUST234,19,4,57,0,0,Safe
CUST235,101,4,53,1,1,High Risk
CUST236,311,3,8,1,1,High Risk
CUST237,174,3,1,1,1,High Risk
CUST238,779,1,1,1,1,High Risk
CUST239,883,4,43,0,0,Safe
CUST240,931,3,58,0,0,Safe
CUST241,267,3,48,0,0,Safe
CUST242,1026,4,43,0,0,Safe
CUST243,849,1,1,1,1,High Risk
CUST244,594,3,52,0,0,Safe
CUST245,128,4,32,0,0,Safe
CUST246,611,3,14,1,1,High Risk
CUST247,360,3,43,0,0,Safe
CUST248,601,4,107,0,0,Safe
CUST249,715,3,20,0,0,Safe
CUST250,621,3,19,0,0,Safe
CUST251,875,1,5,1,1,High Risk
CUST252,691,4,96,0,0,Safe
CUST253,607,4,104,0,0,Safe
CUST254,166,4,49,0,0,Safe
CUST255,50,4,20,1,0,Safe
CUST256,748,3,10,1,1,High Risk
CUST257,256,3,55,0,0,Safe
CUST258,36,4,105,0,0,Safe
CUST259,1089,3,44,0,0,Safe
CUST260,450,4,118,0,0,Safe
CUST261,636,4,22,0,0,Safe
CUST262,319,3,30,1,0,Safe
CUST263,912,3,39,0,0,Safe
CUST264,967,1,1,1,1,High Risk
CUST265,360,4,15,0,0,Safe
CUST266,1050,4,22,0,0,Safe
CUST267,785,3,4,1,1,High Risk
CUST268,499,1,3,1,1,High Risk
CUST269,974,1,7,1,1,High Risk
CUST270,954,3,12,1,1,High Risk
CUST271,864,4,49,0,0,Safe
CUST272,118,4,65,0,0,Safe
CUST273,664,4,65,0,0,Safe
CUST274,403,3,48,0,0,Safe
CUST275,1032,3,2,1,1,High Risk
CUST276,529,3,28,0,1,High Risk
CUST277,593,4,51,0,0,Safe
CUST278,734,4,106,0,0,Safe
CUST279,282,4,56,1,1,High Risk
CUST280,528,3,5,0,0,Safe
CUST281,1073,4,27,0,0,Safe
CUST282,444,4,47,0,0,Safe
CUST283,586,4,15,1,1,High Risk
CUST284,113,1,12,1,1,High Risk
CUST285,844,4,32,0,0,Safe
CUST286,925,1,8,1,1,High Risk
CUST287,362,4,54,0,0,Safe
CUST288,984,4,26,0,0,Safe
CUST289,961,1,6,1,1,High Risk
CUST290,363,4,58,0,0,Safe
CUST291,106,3,18,0,0,Safe
CUST292,925,3,13,1,1,High Risk
CUST293,867,3,9,0,0,Safe
CUST294,477,4,21,0,0,Safe
CUST295,818,4,51,0,0,Safe
CUST296,1040,3,11,1,1,High Risk
CUST297,407,3,14,1,1,High Risk
CUST298,594,4,57,0,0,Safe
CUST299,1044,4,33,1,0,Safe
CUST300,427,4,63,0,0,Safe
CUST301,437,3,11,1,1,High Risk
CUST302,446,3,44,0,0,Safe
CUST303,824,4,63,0,0,Safe
CUST304,129,4,35,0,0,Safe
CUST305,960,4,24,0,0,Safe
CUST306,303,4,109,0,0,Safe
CUST307,287,3,30,0,0,Safe
CUST308,964,1,12,1,1,High Risk
CUST309,19,4,46,0,0,Safe
CUST310,557,4,21,0,0,Safe
CUST311,992,1,2,1,1,High Risk
CUST312,286,4,62,0,0,Safe
CUST313,399,1,2,1,1,High Risk
CUST314,881,4,33,0,0,Safe
CUST315,567,4,32,0,0,Safe
CUST316,561,3,17,0,0,Safe
CUST317,1062,3,8,1,1,High Risk
CUST318,822,4,27,0,0,Safe
CUST319,828,3,58,1,1,High Risk
CUST320,893,3,48,0,0,Safe
CUST321,377,4,53,0,0,Safe
CUST322,844,4,116,0,0,Safe
CUST323,91,3,23,0,0,Safe
CUST324,25,3,36,0,0,Safe
CUST325,791,3,43,0,0,Safe
CUST326,190,1,4,1,1,High Risk
CUST327,300,4,26,0,0,Safe
CUST328,781,1,3,1,1,High Risk
CUST329,130,1,2,1,1,High Risk
CUST330,1071,1,12,1,1,High Risk
CUST331,758,3,8,1,1,High Risk
CUST332,826,3,7,1,1,High Risk
CUST333,672,4,16,0,0,Safe
CUST334,617,1,2,1,1,High Risk
CUST335,693,1,4,1,1,High Risk
CUST336,144,4,95,0,0,Safe
CUST337,547,4,52,0,0,Safe
CUST338,444,3,2,1,1,High Risk
CUST339,1017,4,85,0,0,Safe
CUST340,183,1,14,1,1,High Risk
CUST341,707,3,52,0,0,Safe
CUST342,798,3,53,0,0,Safe
CUST343,420,4,44,0,1,High Risk
CUST344,455,3,42,0,0,Safe
CUST345,308,3,15,0,0,Safe
CUST346,8,3,57,0,0,Safe
CUST347,1094,3,26,0,0,Safe
CUST348,782,3,16,0,0,Safe
CUST349,136,4,90,0,0,Safe
CUST350,308,3,19,0,0,Safe
CUST351,840,4,49,0,0,Safe
CUST352,134,3,58,0,0,Safe
CUST353,578,4,42,0,0,Safe
CUST354,793,1,4,1,1,High Risk
CUST355,821,4,47,0,0,Safe
CUST356,13,1,3,1,1,High Risk
CUST357,1040,4,65,0,0,Safe
CUST358,330,3,18,0,0,Safe
CUST359,596,3,57,0,0,Safe
CUST360,889,3,19,0,0,Safe
CUST361,13,4,40,0,0,Safe
CUST362,480,4,71,0,0,Safe
CUST363,934,4,59,1,1,High Risk
CUST364,703,1,14,1,1,High Risk
CUST365,302,3,10,1,1,High Risk
CUST366,325,3,29,0,0,Safe
CUST367,1052,4,95,0,0,Safe
CUST368,363,3,3,1,1,High Risk
CUST369,375,3,51,0,0,Safe
CUST370,498,3,57,1,1,High Risk
CUST371,41,1,9,1,1,High Risk
CUST372,352,1,14,0,0,Safe
CUST373,511,3,59,0,0,Safe
CUST374,950,4,87,0,0,Safe
CUST375,70,3,10,1,1,High Risk
CUST376,649,3,59,0,0,Safe
CUST377,912,3,40,0,0,Safe
CUST378,560,3,12,1,1,High Risk
CUST379,290,3,41,0,0,Safe
CUST380,219,4,25,0,0,Safe
CUST381,85,4,97,0,0,Safe
CUST382,414,3,12,1,1,High Risk
CUST383,795,4,33,1,0,Safe
CUST384,401,4,29,1,0,Safe
CUST385,318,4,51,0,0,Safe
CUST386,346,4,104,0,0,Safe
CUST387,766,3,52,0,0,Safe
CUST388,601,3,4,1,1,High Risk
CUST389,1089,4,26,0,0,Safe
CUST390,990,4,25,1,1,High Risk
CUST391,607,3,52,0,0,Safe
CUST392,13,4,48,0,0,Safe
CUST393,598,1,11,1,1,High Risk
CUST394,1019,1,5,1,0,Safe
CUST395,307,3,14,1,1,High Risk
CUST396,893,4,117,1,1,High Risk
CUST397,650,3,6,1,1,High Risk
CUST398,670,3,8,1,1,High Risk
CUST399,447,4,37,0,0,Safe
CUST400,866,4,20,0,0,Safe
CUST401,516,4,57,0,0,Safe
CUST402,355,4,49,0,0,Safe
CUST403,520,3,28,0,0,Safe
CUST404,704,4,26,1,1,High Risk
CUST405,296,1,7,1,1,High Risk
CUST406,379,3,47,0,0,Safe
CUST407,814,3,8,0,0,Safe
CUST408,1014,4,80,0,0,Safe
CUST409,817,4,51,1,1,High Risk
CUST410,431,3,10,1,1,High Risk
CUST411,496,1,11,1,1,High Risk
CUST412,160,4,24,0,0,Safe
CUST413,868,4,69,0,0,Safe
CUST414,600,1,6,1,1,High Risk
CUST415,1037,3,14,1,1,High Risk
CUST416,1050,1,13,1,1,High Risk
CUST417,72,3,30,0,0,Safe
CUST418,430,3,2,1,1,High Risk
CUST419,546,4,105,0,0,Safe
CUST420,822,1,3,1,1,High Risk
CUST421,749,4,22,1,1,High Risk
CUST422,911,4,108,1,1,High Risk
CUST423,658,3,28,0,0,Safe
CUST424,1004,3,48,0,0,Safe
CUST425,1002,1,6,1,1,High Risk
CUST426,777,3,7,1,1,High Risk
CUST427,855,4,52,0,0,Safe
CUST428,87,4,61,0,0,Safe
CUST429,564,4,104,0,0,Safe
CUST430,152,4,71,0,0,Safe
CUST431,789,1,10,1,1,High Risk
CUST432,59,3,50,0,0,Safe
CUST433,695,4,38,0,0,Safe
CUST434,9,4,54,0,0,Safe
CUST435,557,4,47,0,0,Safe
CUST436,387,4,17,0,0,Safe
CUST437,878,3,52,1,1,High Risk
CUST438,527,4,38,0,0,Safe
CUST439,892,3,31,0,0,Safe
CUST440,407,3,42,1,1,High Risk
CUST441,252,1,3,1,1,High Risk
CUST442,566,4,36,0,0,Safe
CUST443,197,3,5,0,0,Safe
CUST444,511,4,33,0,0,Safe
CUST445,800,3,2,1,1,High Risk
CUST446,598,1,14,1,1,High Risk
CUST447,817,4,106,0,0,Safe
CUST448,591,3,29,0,0,Safe
CUST449,669,3,48,0,0,Safe
CUST450,37,3,55,0,0,Safe
CUST451,827,4,56,0,0,Safe
CUST452,594,3,51,0,0,Safe
CUST453,113,4,59,0,0,Safe
CUST454,813,4,63,0,0,Safe
CUST455,170,4,32,0,0,Safe
CUST456,816,3,38,1,1,High Risk
CUST457,928,4,74,0,0,Safe
CUST458,551,4,50,0,0,Safe
CUST459,986,4,93,0,0,Safe
CUST460,477,3,5,1,1,High Risk
CUST461,489,4,15,0,0,Safe
CUST462,1070,3,12,0,0,Safe
CUST463,278,4,59,0,1,High Risk
CUST464,853,1,13,1,1,High Risk
CUST465,480,4,35,1,0,Safe
CUST466,76,3,10,1,1,High Risk
CUST467,639,4,76,0,0,Safe
CUST468,338,4,109,1,1,High Risk
CUST469,735,4,19,1,1,High Risk
CUST470,997,4,57,0,0,Safe
CUST471,67,3,54,0,0,Safe
CUST472,302,4,65,0,0,Safe
CUST473,721,3,12,0,0,Safe
CUST474,307,4,20,1,1,High Risk
CUST475,132,4,49,0,0,Safe
CUST476,891,3,59,0,0,Safe
CUST477,990,4,33,0,0,Safe
CUST478,914,3,53,0,0,Safe
CUST479,70,4,91,1,0,Safe
CUST480,400,3,5,1,1,High Risk
CUST481,767,4,46,0,0,Safe
CUST482,512,4,21,1,1,High Risk
CUST483,161,3,20,0,0,Safe
CUST484,877,1,2,1,1,High Risk
CUST485,42,4,56,0,0,Safe
CUST486,954,4,57,0,0,Safe
CUST487,111,1,3,0,0,Safe
CUST488,1024,3,25,1,1,High Risk
CUST489,575,4,92,0,0,Safe
CUST490,763,4,110,0,0,Safe
CUST491,681,3,41,0,0,Safe
CUST492,228,4,91,0,0,Safe
CUST493,275,3,17,0,0,Safe
CUST494,958,3,14,0,0,Safe
CUST495,393,4,59,0,0,Safe
CUST496,349,4,95,0,0,Safe
CUST497,295,1,9,0,0,Safe
CUST498,87,3,57,1,1,High Risk
CUST499,975,4,56,0,0,Safe
CUST500,279,1,3,1,1,High Risk
CUST501,159,1,6,1,1,High Risk
CUST502,468,3,22,0,0,Safe
CUST503,161,3,51,0,0,Safe
CUST504,859,4,24,0,0,Safe
CUST505,834,4,34,0,0,Safe
CUST506,395,4,40,0,0,Safe
CUST507,1030,4,45,0,0,Safe
CUST508,189,4,80,0,0,Safe
CUST509,258,3,53,0,0,Safe
CUST510,606,1,10,1,1,High Risk
CUST511,250,1,9,0,0,Safe
CUST512,639,3,28,0,0,Safe
CUST513,308,3,2,1,1,High Risk
CUST514,37,3,7,1,1,High Risk
CUST515,906,3,9,1,1,High Risk
CUST516,236,3,40,0,0,Safe
CUST517,220,3,40,0,0,Safe
CUST518,482,3,54,0,0,Safe
CUST519,78,4,20,0,0,Safe
CUST520,701,4,98,0,0,Safe
CUST521,590,4,23,0,0,Safe
CUST522,338,3,50,0,0,Safe
CUST523,547,4,53,0,0,Safe
CUST524,320,1,11,1,1,High Risk
CUST525,376,1,8,0,0,Safe
CUST526,809,3,52,0,0,Safe
CUST527,955,4,52,0,0,Safe
CUST528,1065,3,33,0,0,Safe
CUST529,1055,3,17,0,0,Safe
CUST530,584,3,33,0,0,Safe
CUST531,864,4,31,0,0,Safe
CUST532,620,4,51,0,0,Safe
CUST533,364,3,8,1,1,High Risk
CUST534,17,3,32,0,0,Safe
CUST535,653,3,54,0,0,Safe
CUST536,784,3,44,0,0,Safe
CUST537,868,4,98,0,0,Safe
CUST538,33,1,7,1,1,High Risk
CUST539,165,1,10,1,1,High Risk
CUST540,856,3,16,0,0,Safe
CUST541,855,3,25,1,1,High Risk
CUST542,522,4,78,0,0,Safe
CUST543,291,4,87,0,0,Safe
CUST544,916,4,35,0,0,Safe
CUST545,881,3,24,0,0,Safe
CUST546,929,3,43,0,0,Safe
CUST547,617,4,15,0,0,Safe
CUST548,177,4,45,0,0,Safe
CUST549,992,4,27,0,0,Safe
CUST550,1049,4,79,0,0,Safe
CUST551,619,3,22,0,0,Safe
CUST552,837,4,58,0,0,Safe
CUST553,893,3,21,0,0,Safe
CUST554,1,3,14,0,0,Safe
CUST555,1005,4,50,0,0,Safe
CUST556,950,4,15,0,0,Safe
CUST557,936,3,12,1,1,High Risk
CUST558,1009,3,6,1,1,High Risk
CUST559,76,3,10,1,1,High Risk
CUST560,845,3,47,0,0,Safe
CUST561,730,3,3,1,1,High Risk
CUST562,1030,3,39,0,0,Safe
CUST563,156,3,47,0,0,Safe
CUST564,806,4,109,0,0,Safe
CUST565,1060,3,29,0,0,Safe
CUST566,468,3,30,0,0,Safe
CUST567,42,4,61,1,1,High Risk
CUST568,134,3,3,1,1,High Risk
CUST569,763,3,28,0,0,Safe
CUST570,137,3,24,0,0,Safe
CUST571,151,4,65,0,0,Safe
CUST572,494,3,10,1,1,High Risk
CUST573,914,4,25,0,0,Safe
CUST574,348,4,49,0,0,Safe
CUST575,776,1,11,1,1,High Risk
CUST576,734,4,57,0,0,Safe
CUST577,318,3,54,0,0,Safe
CUST578,806,3,10,0,0,Safe
CUST579,622,3,35,0,0,Safe
CUST580,194,3,36,0,0,Safe
CUST581,136,4,19,1,1,High Risk
CUST582,237,4,98,0,0,Safe
CUST583,90,4,25,1,0,Safe
CUST584,725,3,43,0,0,Safe
CUST585,307,3,9,1,1,High Risk
CUST586,399,1,13,0,1,High Risk
CUST587,419,1,10,1,1,High Risk
CUST588,654,1,12,1,1,High Risk
CUST589,940,3,52,0,0,Safe
CUST590,621,1,3,0,0,Safe
CUST591,871,4,28,0,0,Safe
CUST592,94,3,26,0,0,Safe
CUST593,808,4,25,0,0,Safe
CUST594,187,3,9,1,1,High Risk
CUST595,96,4,26,0,0,Safe
CUST596,902,1,13,1,1,High Risk
CUST597,687,4,58,0,0,Safe
CUST598,382,1,1,1,1,High Risk
CUST599,598,4,90,0,0,Safe
CUST600,332,4,77,0,0,Safe
CUST601,1087,3,21,0,0,Safe
CUST602,561,3,13,1,1,High Risk
CUST603,96,3,2,1,0,Safe
CUST604,780,4,51,1,1,High Risk
CUST605,797,4,33,0,0,Safe
CUST606,257,3,4,1,1,High Risk
CUST607,418,4,114,0,0,Safe
CUST608,288,4,56,0,0,Safe
CUST609,810,4,19,0,0,Safe
CUST610,639,3,8,1,1,High Risk
CUST611,575,3,8,1,1,High Risk
CUST612,827,4,83,0,0,Safe
CUST613,277,3,17,0,0,Safe
CUST614,561,3,36,0,0,Safe
CUST615,508,4,48,1,1,High Risk
CUST616,963,1,10,1,1,High Risk
CUST617,1063,1,14,1,1,High Risk
CUST618,211,4,99,0,0,Safe
CUST619,654,3,3,1,1,High Risk
CUST620,365,3,49,1,1,High Risk
CUST621,997,4,36,0,0,Safe
CUST622,839,1,2,0,0,Safe
CUST623,1091,4,41,0,0,Safe
CUST624,243,4,40,0,0,Safe
CUST625,195,3,59,0,0,Safe
CUST626,384,3,12,1,1,High Risk
CUST627,582,4,64,0,0,Safe
CUST628,437,4,52,0,0,Safe
CUST629,698,3,26,0,0,Safe
CUST630,275,3,56,0,0,Safe
CUST631,815,4,100,0,0,Safe
CUST632,876,4,40,1,1,High Risk
CUST633,302,4,25,0,0,Safe
CUST634,1083,4,85,0,0,Safe
CUST635,242,3,56,0,0,Safe
CUST636,320,1,14,1,1,High Risk
CUST637,132,4,113,0,0,Safe
CUST638,877,1,9,1,1,High Risk
CUST639,714,4,37,0,0,Safe
CUST640,101,1,1,1,1,High Risk
CUST641,1047,1,4,1,1,High Risk
CUST642,1051,1,4,1,1,High Risk
CUST643,75,4,49,1,1,High Risk
CUST644,84,3,7,1,1,High Risk
CUST645,660,4,38,0,0,Safe
CUST646,312,4,22,0,0,Safe
CUST647,875,3,29,0,0,Safe
CUST648,368,3,32,0,0,Safe
CUST649,103,3,48,0,0,Safe
CUST650,553,4,31,0,0,Safe
CUST651,876,4,59,0,0,Safe
CUST652,816,4,75,1,0,Safe
CUST653,527,3,5,1,1,High Risk
CUST654,703,4,56,0,0,Safe
CUST655,701,3,58,1,0,Safe
CUST656,516,1,6,1,1,High Risk
CUST657,508,1,3,1,1,High Risk
CUST658,150,3,28,0,0,Safe
CUST659,350,1,13,1,1,High Risk
CUST660,749,1,7,1,1,High Risk
CUST661,398,3,33,0,0,Safe
CUST662,1020,1,13,1,1,High Risk
CUST663,673,3,13,0,0,Safe
CUST664,534,3,10,1,1,High Risk
CUST665,1006,1,14,1,1,High Risk
CUST666,563,1,3,1,1,High Risk
CUST667,634,4,83,0,0,Safe
CUST668,393,1,9,0,0,Safe
CUST669,993,1,10,1,1,High Risk
CUST670,399,1,10,1,1,High Risk
CUST671,956,4,100,0,0,Safe
CUST672,1053,3,45,0,0,Safe
CUST673,606,1,4,1,1,High Risk
CUST674,699,1,3,1,1,High Risk
CUST675,444,3,59,1,0,Safe
CUST676,952,1,3,1,1,High Risk
CUST677,1089,4,57,0,0,Safe
CUST678,769,4,107,0,0,Safe
CUST679,874,3,25,0,0,Safe
CUST680,158,4,62,0,0,Safe
CUST681,893,3,5,1,1,High Risk
CUST682,450,4,87,1,1,High Risk
CUST683,480,4,26,0,0,Safe
CUST684,685,4,42,0,0,Safe
CUST685,289,1,8,1,1,High Risk
CUST686,546,3,36,0,0,Safe
CUST687,390,4,48,0,0,Safe
CUST688,914,4,40,0,0,Safe
CUST689,674,4,66,0,0,Safe
CUST690,419,3,36,1,1,High Risk
CUST691,392,3,51,0,0,Safe
CUST692,141,4,20,1,1,High Risk
CUST693,840,4,47,0,0,Safe
CUST694,146,4,47,0,0,Safe
CUST695,177,4,35,0,0,Safe
CUST696,380,3,17,1,1,High Risk
CUST697,1075,3,54,0,0,Safe
CUST698,269,4,20,0,0,Safe
CUST699,872,1,6,1,1,High Risk
CUST700,276,3,14,0,0,Safe
CUST701,478,4,27,0,0,Safe
CUST702,377,4,41,0,1,High Risk
CUST703,962,4,101,0,0,Safe
CUST704,562,1,6,1,1,High Risk
CUST705,309,3,10,1,1,High Risk
CUST706,405,4,56,0,0,Safe
CUST707,696,3,22,0,0,Safe
CUST708,1038,4,71,0,0,Safe
CUST709,733,3,50,0,0,Safe
CUST710,277,4,24,0,0,Safe
CUST711,42,3,39,0,0,Safe
CUST712,288,4,38,0,0,Safe
CUST713,335,4,58,0,0,Safe
CUST714,836,1,6,1,1,High Risk
CUST715,311,3,32,0,0,Safe
CUST716,375,4,20,1,1,High Risk
CUST717,369,4,93,0,0,Safe
CUST718,689,1,1,1,1,High Risk
CUST719,871,1,9,0,0,Safe
CUST720,133,4,106,0,0,Safe
CUST721,836,4,23,0,0,Safe
CUST722,280,3,7,1,1,High Risk
CUST723,798,3,33,0,0,Safe
CUST724,1071,4,27,0,0,Safe
CUST725,532,3,13,1,1,High Risk
CUST726,190,1,4,1,1,High Risk
CUST727,9,1,8,1,1,High Risk
CUST728,943,3,57,1,1,High Risk
CUST729,405,4,104,1,1,High Risk
CUST730,58,4,59,0,0,Safe
CUST731,53,3,46,0,0,Safe
CUST732,836,3,27,0,0,Safe
CUST733,541,4,111,0,0,Safe
CUST734,1034,3,54,0,0,Safe
CUST735,980,4,55,0,0,Safe
CUST736,522,3,30,0,0,Safe
CUST737,685,3,2,0,0,Safe
CUST738,219,1,6,0,0,Safe
CUST739,112,4,112,0,0,Safe
CUST740,764,4,117,0,0,Safe
CUST741,99,3,23,0,0,Safe
CUST742,236,3,20,0,0,Safe
CUST743,76,3,7,1,1,High Risk
CUST744,12,3,52,0,1,High Risk
CUST745,680,3,54,1,0,Safe
CUST746,154,3,28,0,0,Safe
CUST747,931,1,7,1,1,High Risk
CUST748,196,1,1,1,1,High Risk
CUST749,1019,1,5,0,0,Safe
CUST750,429,4,54,0,0,Safe
CUST751,771,4,17,1,1,High Risk
CUST752,1087,4,43,0,0,Safe
CUST753,897,3,14,1,1,High Risk
CUST754,20,3,54,1,1,High Risk
CUST755,535,3,20,1,1,High Risk
CUST756,339,1,9,1,0,Safe
CUST757,1033,1,13,1,1,High Risk
CUST758,698,4,25,0,0,Safe
CUST759,898,4,30,1,1,High Risk
CUST760,252,3,29,1,0,Safe
CUST761,366,3,53,0,0,Safe
CUST762,835,4,61,0,0,Safe
CUST763,873,1,5,1,1,High Risk
CUST764,729,4,52,0,0,Safe
CUST765,694,3,17,0,0,Safe
CUST766,816,4,37,0,0,Safe
CUST767,718,4,41,0,0,Safe
CUST768,173,3,12,1,1,High Risk
CUST769,74,4,69,0,0,Safe
CUST770,86,4,31,0,0,Safe
CUST771,369,3,55,1,1,High Risk
CUST772,794,4,44,0,0,Safe
CUST773,476,4,27,0,0,Safe
CUST774,920,4,87,0,0,Safe
CUST775,652,3,46,1,1,High Risk
CUST776,777,1,12,1,1,High Risk
CUST777,215,1,8,1,1,High Risk
CUST778,20,3,43,1,1,High Risk
CUST779,531,1,13,0,0,Safe
CUST780,850,4,48,0,0,Safe
CUST781,991,3,6,1,1,High Risk
CUST782,981,3,23,0,0,Safe
CUST783,593,4,58,0,0,Safe
CUST784,840,1,13,0,0,Safe
CUST785,776,4,18,0,0,Safe
CUST786,1072,1,8,1,0,Safe
CUST787,807,4,51,0,0,Safe
CUST788,956,3,56,0,0,Safe
CUST789,599,1,5,1,1,High Risk
CUST790,581,3,59,0,0,Safe
CUST791,204,4,36,0,0,Safe
CUST792,480,1,13,1,1,High Risk
CUST793,13,3,5,0,1,High Risk
CUST794,307,4,95,0,0,Safe
CUST795,151,4,87,0,0,Safe
CUST796,222,4,82,0,0,Safe
CUST797,531,3,14,0,0,Safe
CUST798,396,3,4,1,1,High Risk
CUST799,921,4,111,0,0,Safe
CUST800,139,3,2,1,1,High Risk
CUST801,541,4,49,0,0,Safe
CUST802,541,3,27,0,0,Safe
CUST803,111,3,4,1,1,High Risk
CUST804,1000,3,55,1,1,High Risk
CUST805,423,4,52,1,1,High Risk
CUST806,907,4,43,0,0,Safe
CUST807,971,3,8,0,0,Safe
CUST808,424,3,28,1,0,Safe
CUST809,1090,4,21,0,0,Safe
CUST810,18,4,31,1,1,High Risk
CUST811,657,3,40,1,1,High Risk
CUST812,72,3,34,0,0,Safe
CUST813,743,4,97,0,0,Safe
CUST814,188,3,10,1,1,High Risk
CUST815,240,4,38,0,0,Safe
CUST816,973,4,55,0,0,Safe
CUST817,86,3,34,1,1,High Risk
CUST818,659,3,1,1,1,High Risk
CUST819,814,4,50,0,0,Safe
CUST820,567,4,69,0,0,Safe
CUST821,284,4,45,1,1,High Risk
CUST822,492,4,48,0,0,Safe
CUST823,390,3,29,0,0,Safe
CUST824,251,3,46,0,0,Safe
CUST825,865,4,31,0,0,Safe
CUST826,1029,3,29,0,0,Safe
CUST827,32,4,113,0,0,Safe
CUST828,819,4,46,0,0,Safe
CUST829,353,3,20,0,0,Safe
CUST830,195,4,107,0,0,Safe
CUST831,32,3,14,1,1,High Risk
CUST832,472,1,2,0,0,Safe
CUST833,83,4,15,0,1,High Risk
CUST834,473,1,7,1,1,High Risk
CUST835,1045,4,99,0,0,Safe
CUST836,428,1,7,1,1,High Risk
CUST837,774,1,12,1,1,High Risk
CUST838,948,3,20,1,1,High Risk
CUST839,706,3,11,1,1,High Risk
CUST840,236,4,19,1,1,High Risk
CUST841,520,1,8,1,1,High Risk
CUST842,644,3,42,0,0,Safe
CUST843,928,1,1,1,1,High Risk
CUST844,558,1,14,1,1,High Risk
CUST845,1090,4,36,0,0,Safe
CUST846,763,3,5,1,1,High Risk
CUST847,379,3,8,1,1,High Risk
CUST848,232,1,6,1,1,High Risk
CUST849,974,4,105,0,0,Safe
CUST850,204,4,117,0,0,Safe
CUST851,651,1,12,1,1,High Risk
CUST852,87,4,51,0,0,Safe
CUST853,58,4,24,0,0,Safe
CUST854,911,3,55,0,0,Safe
CUST855,923,1,6,1,1,High Risk
CUST856,819,1,13,1,0,Safe
CUST857,221,4,50,0,0,Safe
CUST858,231,3,52,0,0,Safe
CUST859,855,4,107,0,0,Safe
CUST860,313,4,41,1,1,High Risk
CUST861,628,4,21,0,0,Safe
CUST862,505,4,28,0,0,Safe
CUST863,635,4,58,1,0,Safe
CUST864,740,4,53,0,0,Safe
CUST865,723,3,29,1,1,High Risk
CUST866,526,4,59,0,0,Safe
CUST867,689,4,94,0,0,Safe
CUST868,728,4,50,1,1,High Risk
CUST869,972,1,5,1,1,High Risk
CUST870,12,4,31,0,0,Safe
CUST871,941,1,14,1,1,High Risk
CUST872,380,3,51,0,0,Safe
CUST873,945,4,43,0,0,Safe
CUST874,445,1,2,1,1,High Risk
CUST875,943,4,17,0,0,Safe
CUST876,849,3,44,0,0,Safe
CUST877,821,4,113,0,0,Safe
CUST878,21,4,44,1,1,High Risk
CUST879,866,4,56,0,0,Safe
CUST880,377,1,6,1,1,High Risk
CUST881,917,4,50,0,0,Safe
CUST882,386,1,5,1,1,High Risk
CUST883,18,4,76,0,0,Safe
CUST884,565,1,4,1,1,High Risk
CUST885,383,3,52,1,1,High Risk
CUST886,344,4,45,0,0,Safe
CUST887,1025,4,29,0,0,Safe
CUST888,1066,4,51,0,0,Safe
CUST889,435,4,24,0,0,Safe
CUST890,603,3,23,1,0,Safe
CUST891,835,3,49,0,0,Safe
CUST892,267,3,8,1,1,High Risk
CUST893,515,1,12,0,0,Safe
CUST894,416,1,7,1,1,High Risk
CUST895,1002,4,19,1,1,High Risk
CUST896,610,3,51,0,0,Safe
CUST897,58,1,6,1,1,High Risk
CUST898,383,4,50,0,0,Safe
CUST899,926,3,47,0,0,Safe
CUST900,740,3,8,1,1,High Risk
CUST901,311,1,12,1,1,High Risk
CUST902,1046,4,25,0,0,Safe
CUST903,123,3,13,1,1,High Risk
CUST904,695,4,22,0,0,Safe
CUST905,725,4,64,0,0,Safe
CUST906,434,1,4,1,1,High Risk
CUST907,44,1,3,1,1,High Risk
CUST908,318,4,25,0,0,Safe
CUST909,735,3,9,1,1,High Risk
CUST910,113,3,17,0,0,Safe
CUST911,620,3,49,0,0,Safe
CUST912,338,4,79,0,0,Safe
CUST913,563,4,79,0,0,Safe
CUST914,988,4,45,0,0,Safe
CUST915,138,3,19,1,1,High Risk
CUST916,179,4,75,0,0,Safe
CUST917,271,3,29,0,0,Safe
CUST918,1076,1,11,1,1,High Risk
CUST919,917,4,45,1,1,High Risk
CUST920,596,3,41,0,0,Safe
CUST921,958,1,12,1,1,High Risk
CUST922,974,1,14,1,1,High Risk
CUST923,951,3,6,1,1,High Risk
CUST924,858,4,19,0,0,Safe
CUST925,366,4,56,0,0,Safe
CUST926,42,3,11,0,0,Safe
CUST927,503,4,58,0,0,Safe
CUST928,710,3,56,0,0,Safe
CUST929,924,3,14,1,1,High Risk
CUST930,363,1,3,1,1,High Risk
CUST931,44,3,27,0,0,Safe
CUST932,652,3,20,0,0,Safe
CUST933,133,4,18,0,0,Safe
CUST934,456,4,35,0,0,Safe
CUST935,786,4,35,0,0,Safe
CUST936,392,4,44,0,0,Safe
CUST937,786,4,104,0,0,Safe
CUST938,1089,4,45,0,0,Safe
CUST939,193,3,16,0,0,Safe
CUST940,375,3,14,1,1,High Risk
CUST941,556,3,7,0,0,Safe
CUST942,410,4,15,0,0,Safe
CUST943,78,4,39,0,0,Safe
CUST944,1074,3,29,0,0,Safe
CUST945,408,1,8,1,0,Safe
CUST946,741,4,62,0,0,Safe
CUST947,926,3,9,1,1,High Risk
CUST948,719,4,59,0,0,Safe
CUST949,308,3,5,1,1,High Risk
CUST950,289,3,42,0,0,Safe
CUST951,1059,3,31,0,0,Safe
CUST952,947,3,2,1,1,High Risk
CUST953,250,4,53,0,0,Safe
CUST954,615,4,99,0,0,Safe
CUST955,967,3,25,0,0,Safe
CUST956,514,4,109,0,0,Safe
CUST957,462,4,70,0,0,Safe
CUST958,554,1,10,0,0,Safe
CUST959,1016,3,11,0,0,Safe
CUST960,843,4,57,0,0,Safe
CUST961,825,3,6,1,1,High Risk
CUST962,1035,3,39,0,0,Safe
CUST963,342,4,31,0,0,Safe
CUST964,206,1,13,1,1,High Risk
CUST965,502,1,14,1,1,High Risk
CUST966,618,1,6,1,1,High Risk
CUST967,107,3,7,0,0,Safe
CUST968,1036,1,7,1,1,High Risk
CUST969,175,3,42,0,0,Safe
CUST970,425,1,10,1,1,High Risk
CUST971,833,3,22,0,0,Safe
CUST972,990,4,63,0,0,Safe
CUST973,943,1,2,1,1,High Risk
CUST974,875,1,2,1,1,High Risk
CUST975,873,1,13,1,1,High Risk
CUST976,933,3,7,1,1,High Risk
CUST977,845,3,34,0,0,Safe
CUST978,818,4,31,0,0,Safe
CUST979,73,3,50,0,0,Safe
CUST980,271,4,25,0,0,Safe
CUST981,1071,1,8,0,0,Safe
CUST982,465,3,36,0,0,Safe
CUST983,708,1,14,1,1,High Risk
CUST984,171,3,38,0,0,Safe
CUST985,695,3,19,1,1,High Risk
CUST986,274,1,4,1,1,High Risk
CUST987,436,3,46,1,1,High Risk
CUST988,993,4,90,1,0,Safe
CUST989,913,1,3,1,1,High Risk
CUST990,82,3,2,0,0,Safe
CUST991,390,4,22,0,0,Safe
CUST992,806,1,7,1,1,High Risk
CUST993,1014,3,11,1,1,High Risk
CUST994,48,1,10,1,1,High Risk
CUST995,258,4,28,1,1,High Risk
CUST996,959,3,27,1,1,High Risk
CUST997,148,3,7,1,1,High Risk
CUST998,917,4,49,1,1,High Risk
CUST999,568,4,28,1,1,High Risk
CUST1000,481,1,2,1,1,High Risk
CUST1001,988,4,85,0,0,Safe
CUST1002,869,4,107,0,0,Safe
CUST1003,233,4,65,1,1,High Risk
CUST1004,587,3,54,0,0,Safe
CUST1005,993,3,5,0,1,High Risk
CUST1006,147,1,11,1,1,High Risk
CUST1007,271,3,42,1,1,High Risk
CUST1008,561,3,13,1,1,High Risk
CUST1009,898,3,11,1,1,High Risk
CUST1010,780,1,1,1,1,High Risk
CUST1011,179,1,5,0,0,Safe
CUST1012,465,1,2,1,1,High Risk
CUST1013,1054,3,43,0,0,Safe
CUST1014,626,3,53,0,0,Safe
CUST1015,511,3,18,0,0,Safe
CUST1016,304,4,37,0,0,Safe
CUST1017,272,4,95,0,0,Safe
CUST1018,680,1,5,1,1,High Risk
CUST1019,1055,4,36,0,0,Safe
CUST1020,283,3,10,1,1,High Risk
CUST1021,801,4,102,1,1,High Risk
CUST1022,325,3,10,1,1,High Risk
CUST1023,255,3,54,0,0,Safe
CUST1024,503,4,45,0,0,Safe
CUST1025,864,4,46,0,0,Safe
CUST1026,263,4,42,0,0,Safe
CUST1027,774,4,57,0,0,Safe
CUST1028,497,1,14,1,1,High Risk
CUST1029,691,3,37,0,0,Safe
CUST1030,855,3,15,0,0,Safe
CUST1031,661,1,1,1,1,High Risk
CUST1032,711,4,43,0,0,Safe
CUST1033,637,3,16,0,0,Safe
CUST1034,304,4,44,0,0,Safe
CUST1035,1069,1,1,0,0,Safe
CUST1036,836,3,24,0,0,Safe
CUST1037,841,3,14,1,1,High Risk
CUST1038,759,3,31,0,0,Safe
CUST1039,891,3,9,1,1,High Risk
CUST1040,15,3,1,1,1,High Risk
CUST1041,781,4,35,0,0,Safe
CUST1042,819,1,11,1,1,High Risk
CUST1043,1077,4,16,0,0,Safe
CUST1044,747,1,12,0,0,Safe
CUST1045,405,3,30,1,1,High Risk
CUST1046,278,3,5,1,1,High Risk
CUST1047,427,4,22,0,0,Safe
CUST1048,247,1,2,1,1,High Risk
CUST1049,240,1,10,1,1,High Risk
CUST1050,69,4,118,0,0,Safe
CUST1051,1034,4,65,0,0,Safe
CUST1052,938,3,50,0,0,Safe
CUST1053,133,4,53,0,0,Safe
CUST1054,246,4,24,0,0,Safe
CUST1055,46,1,10,0,1,High Risk
CUST1056,712,4,40,0,0,Safe
CUST1057,1039,3,7,1,1,High Risk
CUST1058,869,1,4,1,1,High Risk
CUST1059,521,3,5,1,1,High Risk
CUST1060,281,3,2,1,1,High Risk
CUST1061,977,4,29,0,0,Safe
CUST1062,471,3,43,0,0,Safe
CUST1063,503,4,52,0,0,Safe
CUST1064,499,1,14,1,1,High Risk
CUST1065,902,3,3,1,1,High Risk
CUST1066,1086,3,30,0,0,Safe
CUST1067,762,1,14,1,1,High Risk
CUST1068,1071,3,9,1,1,High Risk
CUST1069,701,4,49,0,0,Safe
CUST1070,894,4,86,0,0,Safe
CUST1071,79,4,21,0,0,Safe
CUST1072,226,3,4,0,0,Safe
CUST1073,512,4,29,1,1,High Risk
CUST1074,21,3,49,0,0,Safe
CUST1075,1017,4,93,0,0,Safe
CUST1076,446,4,33,0,0,Safe
CUST1077,199,3,7,1,1,High Risk
CUST1078,797,3,4,1,1,High Risk
CUST1079,1062,4,92,0,0,Safe
CUST1080,748,3,12,1,1,High Risk
CUST1081,995,4,57,0,0,Safe
CUST1082,850,4,93,0,0,Safe
CUST1083,1091,3,8,1,1,High Risk
CUST1084,647,1,12,1,1,High Risk
CUST1085,403,1,1,1,1,High Risk
CUST1086,455,3,47,0,0,Safe
CUST1087,1053,3,22,0,0,Safe
CUST1088,92,4,47,0,0,Safe
CUST1089,975,4,67,0,0,Safe
CUST1090,375,3,32,0,0,Safe
CUST1091,755,3,59,0,0,Safe
CUST1092,996,1,1,1,1,High Risk
CUST1093,595,4,16,0,0,Safe
CUST1094,752,3,43,0,0,Safe
CUST1095,464,4,57,0,0,Safe
CUST1096,282,4,51,0,0,Safe
CUST1097,960,4,79,0,0,Safe
CUST1098,447,4,38,0,0,Safe
CUST1099,980,4,41,0,0,Safe
CUST1100,74,1,12,1,1,High Risk
CUST1101,205,3,2,1,1,High Risk
CUST1102,937,3,10,0,0,Safe
CUST1103,559,4,65,0,0,Safe
CUST1104,974,4,106,0,0,Safe
CUST1105,274,3,12,1,1,High Risk
CUST1106,784,1,7,0,1,High Risk
CUST1107,553,3,34,0,0,Safe
CUST1108,839,4,34,1,0,Safe
CUST1109,173,3,11,1,1,High Risk
CUST1110,292,4,92,0,0,Safe
CUST1111,996,3,53,0,0,Safe
CUST1112,368,4,35,0,0,Safe
CUST1113,163,1,6,1,1,High Risk
CUST1114,950,4,103,0,0,Safe
CUST1115,331,4,82,0,0,Safe
CUST1116,296,4,56,0,0,Safe
CUST1117,1024,3,27,0,0,Safe
CUST1118,292,4,101,0,0,Safe
CUST1119,826,1,1,1,1,High Risk
CUST1120,705,1,9,0,0,Safe
CUST1121,694,4,19,0,1,High Risk
CUST1122,792,4,53,0,0,Safe
CUST1123,864,4,18,1,1,High Risk
CUST1124,331,4,29,0,0,Safe
CUST1125,779,4,46,0,0,Safe
CUST1126,630,3,42,0,0,Safe
CUST1127,1078,3,37,1,1,High Risk
CUST1128,275,3,58,0,0,Safe
CUST1129,986,1,10,0,0,Safe
CUST1130,35,4,24,1,1,High Risk
CUST1131,225,4,16,0,0,Safe
CUST1132,1060,4,46,1,1,High Risk
CUST1133,952,3,6,0,0,Safe
CUST1134,356,4,47,0,0,Safe
CUST1135,916,3,24,0,0,Safe
CUST1136,567,1,9,1,1,High Risk
CUST1137,864,3,49,1,1,High Risk
CUST1138,245,4,59,0,0,Safe
CUST1139,748,3,1,1,1,High Risk
CUST1140,520,4,26,0,0,Safe
CUST1141,47,3,17,0,0,Safe
CUST1142,940,4,96,0,0,Safe
CUST1143,516,4,59,0,0,Safe
CUST1144,1057,4,44,0,0,Safe
CUST1145,85,3,2,0,0,Safe
CUST1146,787,3,47,0,0,Safe
CUST1147,614,3,39,0,0,Safe
CUST1148,347,4,58,0,0,Safe
CUST1149,1037,3,38,0,0,Safe
CUST1150,185,4,71,0,0,Safe
CUST1151,331,1,4,1,1,High Risk
CUST1152,458,3,3,1,0,Safe
CUST1153,978,3,25,1,1,High Risk
CUST1154,1085,3,53,0,0,Safe
CUST1155,250,3,41,0,0,Safe
CUST1156,616,1,5,1,1,High Risk
CUST1157,843,4,52,1,1,High Risk
CUST1158,608,3,19,0,0,Safe
CUST1159,749,3,25,0,0,Safe
CUST1160,397,4,85,0,0,Safe
CUST1161,9,4,97,0,0,Safe
CUST1162,685,3,58,0,0,Safe
CUST1163,58,1,4,1,1,High Risk
CUST1164,109,4,118,0,0,Safe
CUST1165,227,3,16,0,0,Safe
CUST1166,199,3,51,0,0,Safe
CUST1167,1067,3,48,0,0,Safe
CUST1168,629,1,2,1,1,High Risk
CUST1169,913,3,10,1,1,High Risk
CUST1170,884,4,55,0,0,Safe
CUST1171,632,3,57,1,1,High Risk
CUST1172,212,3,12,1,1,High Risk
CUST1173,692,4,117,0,0,Safe
CUST1174,117,1,1,1,1,High Risk
CUST1175,36,3,6,1,1,High Risk
CUST1176,381,3,27,0,0,Safe
CUST1177,575,1,1,1,1,High Risk
CUST1178,346,4,65,0,0,Safe
CUST1179,839,4,36,0,0,Safe
CUST1180,509,4,80,0,0,Safe
CUST1181,257,3,58,0,0,Safe
CUST1182,439,1,12,1,1,High Risk
CUST1183,927,4,17,1,0,Safe
CUST1184,770,3,3,1,1,High Risk
CUST1185,1014,3,13,1,1,High Risk
CUST1186,1063,3,9,1,1,High Risk
CUST1187,704,3,13,1,1,High Risk
CUST1188,61,3,12,1,1,High Risk
CUST1189,542,4,75,0,0,Safe
CUST1190,1015,3,54,0,0,Safe
CUST1191,35,1,12,1,1,High Risk
CUST1192,210,4,80,0,0,Safe
CUST1193,748,4,91,0,0,Safe
CUST1194,140,3,14,0,0,Safe
CUST1195,913,3,5,0,0,Safe
CUST1196,113,4,22,1,1,High Risk
CUST1197,401,4,43,0,0,Safe
CUST1198,692,3,6,0,0,Safe
CUST1199,27,4,16,0,0,Safe
CUST1200,71,4,29,0,0,Safe
CUST1201,822,4,18,1,1,High Risk
CUST1202,628,3,55,0,0,Safe
CUST1203,223,4,34,0,0,Safe
CUST1204,660,3,9,1,1,High Risk
CUST1205,913,3,52,0,0,Safe
CUST1206,907,3,7,1,1,High Risk
CUST1207,244,3,38,0,0,Safe
CUST1208,407,1,2,0,0,Safe
CUST1209,1054,1,3,1,1,High Risk
CUST1210,1083,3,14,1,1,High Risk
CUST1211,1036,4,26,0,0,Safe
CUST1212,759,3,57,0,0,Safe
CUST1213,202,3,22,0,0,Safe
CUST1214,356,4,90,0,0,Safe
CUST1215,686,4,54,0,0,Safe
CUST1216,474,4,44,0,0,Safe
CUST1217,431,4,39,0,0,Safe
CUST1218,177,4,41,0,0,Safe
CUST1219,871,3,6,1,1,High Risk
CUST1220,963,3,3,1,1,High Risk
CUST1221,39,4,91,0,0,Safe
CUST1222,242,3,1,1,1,High Risk
CUST1223,263,4,89,0,0,Safe
CUST1224,812,3,31,0,0,Safe
CUST1225,985,4,68,0,0,Safe
CUST1226,280,3,7,1,1,High Risk
CUST1227,651,4,35,0,0,Safe
CUST1228,782,3,18,0,0,Safe
CUST1229,1071,3,24,0,0,Safe
CUST1230,765,4,16,1,0,Safe
CUST1231,471,4,34,1,1,High Risk
CUST1232,1004,4,19,0,0,Safe
CUST1233,440,1,7,1,1,High Risk
CUST1234,78,3,21,0,0,Safe
CUST1235,1073,1,14,0,0,Safe
CUST1236,321,1,8,1,1,High Risk
CUST1237,216,3,55,0,0,Safe
CUST1238,597,1,14,1,1,High Risk
CUST1239,264,3,18,0,0,Safe
CUST1240,19,3,53,1,1,High Risk
CUST1241,413,1,4,1,1,High Risk
CUST1242,988,3,9,1,1,High Risk
CUST1243,805,1,13,0,1,High Risk
CUST1244,301,3,10,0,0,Safe
CUST1245,914,1,1,0,1,High Risk
CUST1246,706,3,57,0,0,Safe
CUST1247,615,3,12,1,1,High Risk
CUST1248,47,3,50,0,0,Safe
CUST1249,130,1,12,1,1,High Risk
CUST1250,658,3,41,0,0,Safe
CUST1251,1063,3,10,0,0,Safe
CUST1252,445,4,33,0,0,Safe
CUST1253,960,3,10,1,1,High Risk
CUST1254,987,3,13,1,1,High Risk
CUST1255,877,4,116,0,0,Safe
CUST1256,428,1,5,0,0,Safe
CUST1257,848,3,47,1,1,High Risk
CUST1258,217,4,108,0,0,Safe
CUST1259,657,4,53,0,0,Safe
CUST1260,1092,3,5,0,1,High Risk
CUST1261,237,3,18,0,0,Safe
CUST1262,1034,1,10,1,1,High Risk
CUST1263,647,4,75,0,0,Safe
CUST1264,883,4,46,0,0,Safe
CUST1265,222,4,112,0,0,Safe
CUST1266,658,4,74,0,0,Safe
CUST1267,67,4,105,0,0,Safe
CUST1268,475,4,42,0,0,Safe
CUST1269,771,4,19,0,0,Safe
CUST1270,631,4,28,0,0,Safe
CUST1271,294,4,30,0,0,Safe
CUST1272,808,4,51,0,0,Safe
CUST1273,667,4,35,0,0,Safe
CUST1274,930,4,57,0,0,Safe
CUST1275,676,4,31,0,0,Safe
CUST1276,184,4,113,0,0,Safe
CUST1277,75,3,11,1,1,High Risk
CUST1278,396,3,37,0,0,Safe
CUST1279,1030,3,19,0,0,Safe
CUST1280,181,4,63,0,0,Safe
CUST1281,663,1,5,1,1,High Risk
CUST1282,1089,3,7,1,1,High Risk
CUST1283,843,3,43,0,0,Safe
CUST1284,964,3,47,0,0,Safe
CUST1285,973,4,57,0,0,Safe
CUST1286,740,1,9,1,1,High Risk
CUST1287,577,3,56,0,0,Safe
CUST1288,942,3,49,0,0,Safe
CUST1289,378,4,40,1,1,High Risk
CUST1290,171,4,99,0,0,Safe
CUST1291,273,4,59,0,1,High Risk
CUST1292,87,4,33,0,0,Safe
CUST1293,518,4,113,0,0,Safe
CUST1294,974,3,40,0,0,Safe
CUST1295,539,4,45,0,0,Safe
CUST1296,344,1,3,1,1,High Risk
CUST1297,277,3,11,1,1,High Risk
CUST1298,369,3,1,1,1,High Risk
CUST1299,920,4,54,0,0,Safe
CUST1300,133,1,6,1,1,High Risk
CUST1301,758,4,95,0,0,Safe
CUST1302,401,4,36,0,0,Safe
CUST1303,1041,3,3,1,1,High Risk
CUST1304,771,4,24,0,0,Safe
CUST1305,744,4,33,0,0,Safe
CUST1306,897,3,11,0,0,Safe
CUST1307,657,3,47,0,0,Safe
CUST1308,265,4,80,0,0,Safe
CUST1309,715,4,95,0,0,Safe
CUST1310,986,4,116,0,0,Safe
CUST1311,569,3,8,0,1,High Risk
CUST1312,656,3,12,1,1,High Risk
CUST1313,793,3,10,1,1,High Risk
CUST1314,294,3,58,0,0,Safe
CUST1315,861,1,10,1,1,High Risk
CUST1316,141,3,15,0,0,Safe
CUST1317,222,4,30,1,1,High Risk
CUST1318,288,3,9,1,1,High Risk
CUST1319,368,3,7,0,0,Safe
CUST1320,895,4,39,0,0,Safe
CUST1321,54,1,11,1,1,High Risk
CUST1322,1054,4,49,1,1,High Risk
CUST1323,434,4,92,0,0,Safe
CUST1324,1090,4,55,0,0,Safe
CUST1325,388,3,30,0,0,Safe
CUST1326,62,3,10,1,1,High Risk
CUST1327,1056,4,45,0,0,Safe
CUST1328,576,4,21,0,0,Safe
CUST1329,718,4,111,0,0,Safe
CUST1330,446,3,1,1,1,High Risk
CUST1331,214,4,46,0,0,Safe
CUST1332,661,3,21,0,0,Safe
CUST1333,788,4,57,1,1,High Risk
CUST1334,1013,1,1,0,1,High Risk
CUST1335,265,4,50,0,0,Safe
CUST1336,490,3,24,0,0,Safe
CUST1337,733,4,22,0,0,Safe
CUST1338,761,4,30,0,0,Safe
CUST1339,993,4,71,0,0,Safe
CUST1340,234,3,54,0,0,Safe
CUST1341,278,1,10,1,1,High Risk
CUST1342,628,3,23,0,0,Safe
CUST1343,572,1,13,0,0,Safe
CUST1344,878,1,13,1,1,High Risk
CUST1345,762,4,113,0,0,Safe
CUST1346,809,3,3,1,1,High Risk
CUST1347,709,4,53,0,0,Safe
CUST1348,1030,4,34,1,1,High Risk
CUST1349,61,3,51,1,1,High Risk
CUST1350,955,4,67,0,0,Safe
CUST1351,527,4,58,1,0,Safe
CUST1352,313,1,10,1,1,High Risk
CUST1353,261,3,17,0,0,Safe
CUST1354,782,3,10,1,1,High Risk
CUST1355,518,4,41,0,0,Safe
CUST1356,285,4,71,0,0,Safe
CUST1357,702,3,11,1,1,High Risk
CUST1358,166,4,44,0,0,Safe
CUST1359,427,1,4,1,1,High Risk
CUST1360,196,4,50,0,0,Safe
CUST1361,1090,4,23,0,0,Safe
CUST1362,348,4,83,0,0,Safe
CUST1363,794,1,1,1,1,High Risk
CUST1364,730,4,45,0,0,Safe
CUST1365,82,3,59,0,0,Safe
CUST1366,469,1,9,1,1,High Risk
CUST1367,150,4,17,0,0,Safe
CUST1368,495,4,37,1,1,High Risk
CUST1369,74,4,55,0,0,Safe
CUST1370,601,3,11,1,1,High Risk
CUST1371,289,1,8,0,1,High Risk
CUST1372,10,3,44,1,1,High Risk
CUST1373,898,4,24,0,0,Safe
CUST1374,819,4,25,0,0,Safe
CUST1375,780,3,5,1,1,High Risk
CUST1376,1017,4,44,0,0,Safe
CUST1377,251,4,117,0,0,Safe
CUST1378,1062,4,19,0,0,Safe
CUST1379,375,4,60,0,0,Safe
CUST1380,458,3,3,0,0,Safe
CUST1381,42,4,15,0,0,Safe
CUST1382,1033,3,6,1,1,High Risk
CUST1383,690,4,77,0,0,Safe
CUST1384,25,4,62,0,0,Safe
CUST1385,520,1,11,1,1,High Risk
CUST1386,559,4,97,0,0,Safe
CUST1387,162,3,9,1,1,High Risk
CUST1388,563,4,71,0,0,Safe
CUST1389,988,3,37,0,0,Safe
CUST1390,144,4,15,1,1,High Risk
CUST1391,390,1,3,0,0,Safe
CUST1392,314,1,10,1,1,High Risk
CUST1393,573,3,47,0,0,Safe
CUST1394,381,3,46,0,0,Safe
CUST1395,1039,3,13,1,1,High Risk
CUST1396,582,4,95,0,0,Safe
CUST1397,877,4,57,0,0,Safe
CUST1398,4,3,51,0,0,Safe
CUST1399,976,3,27,0,0,Safe
CUST1400,967,3,1,0,0,Safe
CUST1401,884,3,36,0,0,Safe
CUST1402,293,4,93,0,0,Safe
CUST1403,905,4,47,0,0,Safe
CUST1404,453,1,1,1,1,High Risk
CUST1405,704,4,53,1,1,High Risk
CUST1406,14,3,2,1,1,High Risk
CUST1407,364,1,2,1,1,High Risk
CUST1408,195,3,30,1,1,High Risk
CUST1409,1085,4,28,0,0,Safe
CUST1410,307,1,5,1,1,High Risk
CUST1411,725,1,14,1,1,High Risk
CUST1412,633,4,58,0,0,Safe
CUST1413,328,1,7,0,1,High Risk
CUST1414,1038,1,8,0,0,Safe
CUST1415,441,3,34,0,0,Safe
CUST1416,476,4,109,0,0,Safe
CUST1417,90,4,77,0,0,Safe
CUST1418,1018,3,27,0,0,Safe
CUST1419,970,4,27,0,0,Safe
CUST1420,871,4,117,0,0,Safe
CUST1421,747,3,37,0,0,Safe
CUST1422,88,4,61,0,0,Safe
CUST1423,768,4,83,0,0,Safe
CUST1424,982,1,14,1,1,High Risk
CUST1425,592,3,12,1,1,High Risk
CUST1426,794,3,10,1,1,High Risk
CUST1427,668,3,1,1,1,High Risk
CUST1428,726,3,13,1,1,High Risk
CUST1429,253,1,12,1,1,High Risk
CUST1430,1090,4,92,0,0,Safe
CUST1431,917,1,5,1,1,High Risk
CUST1432,913,1,1,1,1,High Risk
CUST1433,54,4,37,0,0,Safe
CUST1434,802,4,66,0,0,Safe
CUST1435,661,3,31,0,0,Safe
CUST1436,500,3,4,0,0,Safe
CUST1437,219,1,7,0,0,Safe
CUST1438,834,4,68,1,1,High Risk
CUST1439,180,3,20,0,0,Safe
CUST1440,531,4,59,0,0,Safe
CUST1441,370,4,71,0,0,Safe
CUST1442,1064,1,14,1,1,High Risk
CUST1443,17,1,2,1,1,High Risk
CUST1444,897,4,66,0,0,Safe
CUST1445,1039,4,71,0,0,Safe
CUST1446,709,3,9,1,1,High Risk
CUST1447,357,4,19,1,1,High Risk
CUST1448,997,3,55,0,0,Safe
CUST1449,617,4,53,0,0,Safe
CUST1450,55,3,43,0,0,Safe
CUST1451,415,3,54,0,0,Safe
CUST1452,176,1,3,1,1,High Risk
CUST1453,979,3,55,0,0,Safe
CUST1454,870,4,43,0,0,Safe
CUST1455,968,3,22,0,0,Safe
CUST1456,336,3,2,1,1,High Risk
CUST1457,986,3,1,1,1,High Risk
CUST1458,565,4,36,0,0,Safe
CUST1459,933,3,59,0,0,Safe
CUST1460,226,4,58,0,0,Safe
CUST1461,148,3,10,1,1,High Risk
CUST1462,748,1,10,1,1,High Risk
CUST1463,836,3,58,0,0,Safe
CUST1464,533,4,31,0,0,Safe
CUST1465,1072,4,73,0,0,Safe
CUST1466,165,1,6,0,1,High Risk
CUST1467,859,4,40,0,0,Safe
CUST1468,533,3,12,1,1,High Risk
CUST1469,186,3,30,1,1,High Risk
CUST1470,287,3,13,0,0,Safe
CUST1471,676,4,48,0,0,Safe
CUST1472,730,4,95,0,0,Safe
CUST1473,630,1,8,1,1,High Risk
CUST1474,801,3,47,0,0,Safe
CUST1475,242,3,5,1,1,High Risk
CUST1476,826,4,45,0,0,Safe
CUST1477,99,1,7,1,1,High Risk
CUST1478,883,4,44,0,0,Safe
CUST1479,29,3,2,1,1,High Risk
CUST1480,606,3,1,1,1,High Risk
CUST1481,79,3,55,0,0,Safe
CUST1482,64,3,26,1,1,High Risk
CUST1483,340,1,5,1,1,High Risk
CUST1484,451,3,36,0,0,Safe
CUST1485,663,3,54,0,0,Safe
CUST1486,804,3,8,1,1,High Risk
CUST1487,878,4,107,0,0,Safe
CUST1488,223,4,51,1,0,Safe
CUST1489,316,4,31,0,0,Safe
CUST1490,397,4,73,0,0,Safe
CUST1491,417,3,37,0,0,Safe
CUST1492,349,4,23,0,0,Safe
CUST1493,976,3,28,0,0,Safe
CUST1494,736,4,52,0,0,Safe
CUST1495,853,3,21,0,0,Safe
CUST1496,993,4,104,0,0,Safe
CUST1497,1083,4,48,0,0,Safe
CUST1498,734,4,27,0,0,Safe
CUST1499,168,3,18,0,0,Safe
CUST1500,19,1,9,1,1,High Risk
CUST1501,401,4,48,0,0,Safe
CUST1502,997,4,69,0,0,Safe
CUST1503,144,4,103,0,0,Safe
CUST1504,68,3,17,1,1,High Risk
CUST1505,487,4,108,0,0,Safe
CUST1506,306,3,7,1,1,High Risk
CUST1507,306,3,14,1,1,High Risk
CUST1508,960,3,1,1,1,High Risk
CUST1509,798,3,53,0,0,Safe
CUST1510,731,3,21,0,0,Safe
CUST1511,39,1,13,0,1,High Risk
CUST1512,13,4,72,0,0,Safe
CUST1513,887,4,81,1,0,Safe
CUST1514,785,3,35,0,0,Safe
CUST1515,715,4,52,0,0,Safe
CUST1516,229,4,56,0,0,Safe
CUST1517,874,4,35,0,0,Safe
CUST1518,489,4,72,0,0,Safe
CUST1519,691,3,28,1,0,Safe
CUST1520,589,4,77,0,0,Safe
CUST1521,1026,4,64,0,0,Safe
CUST1522,856,4,17,0,0,Safe
CUST1523,785,3,46,1,1,High Risk
CUST1524,871,4,57,0,0,Safe
CUST1525,792,3,13,1,1,High Risk
CUST1526,515,1,2,1,1,High Risk
CUST1527,341,4,45,1,1,High Risk
CUST1528,188,4,83,0,0,Safe
CUST1529,92,4,15,1,1,High Risk
CUST1530,859,3,51,0,0,Safe
CUST1531,506,3,15,0,0,Safe
CUST1532,950,3,55,0,0,Safe
CUST1533,423,3,59,0,0,Safe
CUST1534,284,4,102,0,0,Safe
CUST1535,587,4,73,0,0,Safe
CUST1536,753,4,52,1,1,High Risk
CUST1537,498,4,18,1,1,High Risk
CUST1538,794,3,31,0,0,Safe
CUST1539,524,3,40,0,0,Safe
CUST1540,853,4,52,0,0,Safe
CUST1541,1070,3,28,0,0,Safe
CUST1542,872,3,32,1,0,Safe
CUST1543,889,1,5,1,1,High Risk
CUST1544,475,1,9,1,1,High Risk
CUST1545,390,1,13,1,1,High Risk
CUST1546,787,4,17,0,0,Safe
CUST1547,708,4,97,0,0,Safe
CUST1548,1076,4,49,0,0,Safe
CUST1549,805,4,49,0,0,Safe
CUST1550,984,4,44,0,0,Safe
CUST1551,814,3,7,1,0,Safe
CUST1552,511,3,32,0,0,Safe
CUST1553,442,3,6,0,0,Safe
CUST1554,999,1,8,1,1,High Risk
CUST1555,822,4,34,0,0,Safe
CUST1556,851,4,98,0,0,Safe
CUST1557,1063,1,10,1,1,High Risk
CUST1558,840,1,4,0,0,Safe
CUST1559,543,3,5,1,1,High Risk
CUST1560,515,4,65,0,0,Safe
CUST1561,424,4,33,0,0,Safe
CUST1562,408,4,115,0,0,Safe
CUST1563,783,3,45,0,0,Safe
CUST1564,1084,3,30,0,0,Safe
CUST1565,82,4,43,0,0,Safe
CUST1566,180,3,13,1,1,High Risk
CUST1567,276,4,48,0,0,Safe
CUST1568,902,3,21,1,0,Safe
CUST1569,596,3,52,0,0,Safe
CUST1570,510,4,62,0,0,Safe
CUST1571,1001,4,52,0,0,Safe
CUST1572,21,4,73,0,0,Safe
CUST1573,140,4,94,1,1,High Risk
CUST1574,963,4,33,0,0,Safe
CUST1575,850,3,8,1,1,High Risk
CUST1576,354,1,8,1,1,High Risk
CUST1577,271,4,48,0,0,Safe
CUST1578,989,4,86,0,0,Safe
CUST1579,892,1,14,1,1,High Risk
CUST1580,583,1,14,1,1,High Risk
CUST1581,919,4,45,0,0,Safe
CUST1582,549,1,2,1,1,High Risk
CUST1583,462,4,76,0,0,Safe
CUST1584,67,3,36,0,0,Safe
CUST1585,602,4,113,1,1,High Risk
CUST1586,150,1,1,1,1,High Risk
CUST1587,80,1,9,1,1,High Risk
CUST1588,929,3,49,0,0,Safe
CUST1589,438,3,55,1,1,High Risk
CUST1590,566,4,49,0,0,Safe
CUST1591,621,4,96,0,0,Safe
CUST1592,338,4,59,0,0,Safe
CUST1593,554,4,80,0,0,Safe
CUST1594,658,3,43,0,0,Safe
CUST1595,632,1,3,1,1,High Risk
CUST1596,676,1,6,1,1,High Risk
CUST1597,234,4,96,0,0,Safe
CUST1598,1075,3,10,1,1,High Risk
CUST1599,87,3,32,0,0,Safe
CUST1600,250,3,12,1,1,High Risk
CUST1601,74,4,54,0,0,Safe
CUST1602,149,4,106,0,0,Safe
CUST1603,325,1,5,1,1,High Risk
CUST1604,538,3,4,1,1,High Risk
CUST1605,1073,4,98,0,0,Safe
CUST1606,612,3,3,0,1,High Risk
CUST1607,662,4,73,0,0,Safe
CUST1608,315,1,1,1,1,High Risk
CUST1609,186,1,5,1,1,High Risk
CUST1610,358,4,116,0,0,Safe
CUST1611,1063,4,70,0,0,Safe
CUST1612,1040,3,19,1,1,High Risk
CUST1613,1071,4,58,0,0,Safe
CUST1614,830,4,17,0,0,Safe
CUST1615,581,4,93,0,0,Safe
CUST1616,559,1,2,1,1,High Risk
CUST1617,543,3,28,1,1,High Risk
CUST1618,1092,4,18,0,0,Safe
CUST1619,208,4,40,0,0,Safe
CUST1620,426,3,7,1,1,High Risk
CUST1621,82,4,22,0,0,Safe
CUST1622,92,4,64,0,0,Safe
CUST1623,428,3,2,1,1,High Risk
CUST1624,615,3,16,0,0,Safe
CUST1625,1000,4,46,1,0,Safe
CUST1626,99,4,111,0,0,Safe
CUST1627,750,4,39,0,0,Safe
CUST1628,360,1,10,1,1,High Risk
CUST1629,1010,4,52,0,0,Safe
CUST1630,485,4,47,0,0,Safe
CUST1631,455,4,110,0,0,Safe
CUST1632,171,4,50,0,0,Safe
CUST1633,56,4,53,1,1,High Risk
CUST1634,459,4,40,0,0,Safe
CUST1635,175,4,81,0,0,Safe
CUST1636,54,3,39,0,0,Safe
CUST1637,437,4,69,0,0,Safe
CUST1638,226,4,111,0,0,Safe
CUST1639,327,4,49,0,0,Safe
CUST1640,1088,4,63,0,0,Safe
CUST1641,169,1,9,1,1,High Risk
CUST1642,209,3,19,0,0,Safe
CUST1643,1005,4,19,0,0,Safe
CUST1644,522,3,23,0,0,Safe
CUST1645,56,4,49,0,0,Safe
CUST1646,502,3,58,0,0,Safe
CUST1647,315,4,77,1,0,Safe
CUST1648,201,3,16,0,0,Safe
CUST1649,962,3,41,0,0,Safe
CUST1650,855,3,25,0,1,High Risk
CUST1651,726,4,53,0,0,Safe
CUST1652,42,3,28,0,0,Safe
CUST1653,956,3,9,1,1,High Risk
CUST1654,920,1,4,0,0,Safe
CUST1655,156,4,32,0,0,Safe
CUST1656,612,3,16,0,0,Safe
CUST1657,865,3,19,0,0,Safe
CUST1658,684,3,3,1,1,High Risk
CUST1659,564,4,54,0,0,Safe
CUST1660,22,4,118,0,0,Safe
CUST1661,454,4,70,0,0,Safe
CUST1662,155,1,11,1,1,High Risk
CUST1663,693,3,54,0,0,Safe
CUST1664,515,4,87,0,0,Safe
CUST1665,502,3,9,1,1,High Risk
CUST1666,505,4,27,0,0,Safe
CUST1667,118,3,5,1,1,High Risk
CUST1668,190,1,4,1,1,High Risk
CUST1669,615,4,116,0,0,Safe
CUST1670,506,3,17,0,0,Safe
CUST1671,179,4,103,0,0,Safe
CUST1672,91,4,67,0,0,Safe
CUST1673,253,1,1,1,1,High Risk
CUST1674,1036,4,93,0,0,Safe
CUST1675,196,4,100,0,0,Safe
CUST1676,854,3,36,0,0,Safe
CUST1677,832,3,11,1,1,High Risk
CUST1678,153,3,1,1,1,High Risk
CUST1679,269,3,51,0,0,Safe
CUST1680,173,4,54,0,0,Safe
CUST1681,876,4,42,1,1,High Risk
CUST1682,582,4,43,0,0,Safe
CUST1683,27,4,108,0,0,Safe
CUST1684,854,4,32,0,0,Safe
CUST1685,676,3,4,1,1,High Risk
CUST1686,485,1,4,1,1,High Risk
CUST1687,752,4,25,0,0,Safe
CUST1688,628,3,4,1,1,High Risk
CUST1689,901,4,59,0,0,Safe
CUST1690,700,4,21,1,1,High Risk
CUST1691,596,4,38,0,0,Safe
CUST1692,450,3,14,1,0,Safe
CUST1693,123,1,2,1,1,High Risk
CUST1694,826,4,43,0,0,Safe
CUST1695,703,4,35,0,0,Safe
CUST1696,518,3,6,1,1,High Risk
CUST1697,318,3,7,1,1,High Risk
CUST1698,605,3,9,1,1,High Risk
CUST1699,541,4,92,0,0,Safe
CUST1700,925,3,3,1,1,High Risk
CUST1701,67,4,77,0,0,Safe
CUST1702,721,4,94,1,1,High Risk
CUST1703,906,3,8,1,1,High Risk
CUST1704,1092,3,18,0,0,Safe
CUST1705,420,4,48,1,1,High Risk
CUST1706,691,1,8,1,1,High Risk
CUST1707,716,3,41,0,0,Safe
CUST1708,792,4,26,0,0,Safe
CUST1709,588,4,43,0,0,Safe
CUST1710,843,3,19,1,1,High Risk
CUST1711,531,3,55,0,1,High Risk
CUST1712,503,4,59,1,1,High Risk
CUST1713,324,3,29,0,0,Safe
CUST1714,749,4,47,0,0,Safe
CUST1715,640,3,11,1,1,High Risk
CUST1716,732,4,89,0,0,Safe
CUST1717,61,3,27,0,0,Safe
CUST1718,489,4,60,0,0,Safe
CUST1719,793,3,30,0,0,Safe
CUST1720,26,4,43,0,0,Safe
CUST1721,589,3,34,0,0,Safe
CUST1722,396,4,56,0,0,Safe
CUST1723,251,1,2,1,1,High Risk
CUST1724,1073,4,73,0,0,Safe
CUST1725,531,4,85,0,0,Safe
CUST1726,726,4,91,0,0,Safe
CUST1727,655,4,55,0,0,Safe
CUST1728,391,4,43,0,0,Safe
CUST1729,606,3,9,1,1,High Risk
CUST1730,431,4,54,0,0,Safe
CUST1731,42,3,34,0,0,Safe
CUST1732,342,3,6,1,1,High Risk
CUST1733,1081,1,3,1,1,High Risk
CUST1734,137,4,48,0,0,Safe
CUST1735,584,4,44,0,0,Safe
CUST1736,983,3,11,1,1,High Risk
CUST1737,1025,4,77,0,0,Safe
CUST1738,874,4,70,0,0,Safe
CUST1739,228,4,15,0,0,Safe
CUST1740,901,4,20,0,0,Safe
CUST1741,82,4,17,1,1,High Risk
CUST1742,818,3,43,0,0,Safe
CUST1743,49,3,4,1,1,High Risk
CUST1744,86,4,23,0,0,Safe
CUST1745,790,4,46,0,0,Safe
CUST1746,711,4,31,0,0,Safe
CUST1747,574,3,4,0,0,Safe
CUST1748,839,3,51,0,0,Safe
CUST1749,24,3,51,0,0,Safe
CUST1750,765,4,48,0,0,Safe
CUST1751,635,3,27,0,0,Safe
CUST1752,764,3,48,0,0,Safe
CUST1753,860,3,3,0,0,Safe
CUST1754,448,3,30,0,0,Safe
CUST1755,786,4,54,0,0,Safe
CUST1756,151,4,63,0,0,Safe
CUST1757,638,3,3,1,1,High Risk
CUST1758,95,4,115,0,0,Safe
CUST1759,28,4,48,0,0,Safe
CUST1760,1025,3,24,0,0,Safe
CUST1761,1037,4,16,0,0,Safe
CUST1762,1000,4,58,0,0,Safe
CUST1763,194,3,6,1,1,High Risk
CUST1764,763,3,28,1,0,Safe
CUST1765,256,3,51,1,1,High Risk
CUST1766,837,3,4,1,1,High Risk
CUST1767,53,4,25,0,0,Safe
CUST1768,561,4,85,0,0,Safe
CUST1769,55,1,10,1,1,High Risk
CUST1770,124,1,4,1,1,High Risk
CUST1771,93,3,43,1,1,High Risk
CUST1772,90,3,52,0,0,Safe
CUST1773,218,3,5,1,1,High Risk
CUST1774,416,4,76,1,1,High Risk
CUST1775,582,3,22,0,0,Safe
CUST1776,494,4,113,0,0,Safe
CUST1777,345,3,43,0,0,Safe
CUST1778,676,3,3,1,1,High Risk
CUST1779,273,3,6,1,1,High Risk
CUST1780,241,4,82,0,0,Safe
CUST1781,941,1,4,1,1,High Risk
CUST1782,287,3,36,0,0,Safe
CUST1783,247,3,14,1,0,Safe
CUST1784,112,4,61,0,0,Safe
CUST1785,187,4,80,0,0,Safe
CUST1786,453,4,19,0,0,Safe
CUST1787,571,4,33,0,0,Safe
CUST1788,22,4,56,0,0,Safe
CUST1789,474,3,22,0,0,Safe
CUST1790,589,1,6,1,1,High Risk
CUST1791,865,3,33,0,0,Safe
CUST1792,29,4,98,0,0,Safe
CUST1793,661,3,1,1,1,High Risk
CUST1794,1042,3,3,1,1,High Risk
CUST1795,335,4,16,1,0,Safe
CUST1796,192,4,49,1,1,High Risk
CUST1797,184,3,3,0,0,Safe
CUST1798,192,3,18,0,0,Safe
CUST1799,665,3,26,1,0,Safe
CUST1800,627,3,54,0,0,Safe
CUST1801,314,4,75,0,0,Safe
CUST1802,386,3,57,1,1,High Risk
CUST1803,309,4,47,1,1,High Risk
CUST1804,420,3,50,0,0,Safe
CUST1805,529,4,17,0,0,Safe
CUST1806,622,4,71,0,0,Safe
CUST1807,479,1,9,1,1,High Risk
CUST1808,462,3,6,1,1,High Risk
CUST1809,311,3,27,0,0,Safe
CUST1810,825,3,55,0,0,Safe
CUST1811,340,3,36,1,0,Safe
CUST1812,1011,4,50,0,0,Safe
CUST1813,692,1,10,1,1,High Risk
CUST1814,419,4,49,0,1,High Risk
CUST1815,364,3,6,1,1,High Risk
CUST1816,260,4,25,0,0,Safe
CUST1817,821,1,4,1,1,High Risk
CUST1818,836,4,15,0,0,Safe
CUST1819,37,1,1,1,1,High Risk
CUST1820,686,4,48,0,0,Safe
CUST1821,163,4,31,0,0,Safe
CUST1822,913,4,24,1,1,High Risk
CUST1823,517,4,49,0,0,Safe
CUST1824,171,3,30,0,0,Safe
CUST1825,269,4,59,1,1,High Risk
CUST1826,711,3,3,0,1,High Risk
CUST1827,240,3,27,0,0,Safe
CUST1828,65,1,8,0,0,Safe
CUST1829,628,4,36,0,0,Safe
CUST1830,530,4,18,0,0,Safe
CUST1831,558,4,36,0,0,Safe
CUST1832,1005,3,44,1,0,Safe
CUST1833,1089,3,56,0,0,Safe
CUST1834,331,4,16,0,0,Safe
CUST1835,269,4,56,0,0,Safe
CUST1836,826,4,54,0,0,Safe
CUST1837,1086,4,115,0,0,Safe
CUST1838,381,4,58,0,0,Safe
CUST1839,667,1,7,1,1,High Risk
CUST1840,179,4,50,0,0,Safe
CUST1841,428,3,41,0,0,Safe
CUST1842,716,4,84,0,0,Safe
CUST1843,971,4,49,0,0,Safe
CUST1844,460,4,31,0,0,Safe
CUST1845,564,3,7,1,1,High Risk
CUST1846,863,3,35,0,0,Safe
CUST1847,311,3,19,1,1,High Risk
CUST1848,88,4,102,0,0,Safe
CUST1849,554,4,108,0,0,Safe
CUST1850,845,4,42,1,1,High Risk
CUST1851,647,3,7,1,1,High Risk
CUST1852,691,3,11,1,1,High Risk
CUST1853,76,3,55,0,0,Safe
CUST1854,497,1,5,1,1,High Risk
CUST1855,634,3,24,0,0,Safe
CUST1856,989,3,7,1,1,High Risk
CUST1857,986,4,93,0,0,Safe
CUST1858,19,3,8,1,1,High Risk
CUST1859,288,3,37,0,0,Safe
CUST1860,543,1,8,1,1,High Risk
CUST1861,890,4,54,0,0,Safe
CUST1862,39,1,7,1,1,High Risk
CUST1863,540,3,14,1,1,High Risk
CUST1864,136,1,9,1,1,High Risk
CUST1865,333,4,99,0,0,Safe
CUST1866,949,3,57,1,1,High Risk
CUST1867,954,3,17,0,0,Safe
CUST1868,487,4,57,0,0,Safe
CUST1869,62,3,53,0,0,Safe
CUST1870,889,1,9,1,1,High Risk
CUST1871,583,4,88,0,0,Safe
CUST1872,346,4,49,1,1,High Risk
CUST1873,1019,4,57,0,0,Safe
CUST1874,573,3,11,0,1,High Risk
CUST1875,281,3,41,1,1,High Risk
CUST1876,891,4,64,0,0,Safe
CUST1877,279,1,10,1,1,High Risk
CUST1878,88,4,50,0,0,Safe
CUST1879,241,3,5,1,1,High Risk
CUST1880,185,4,108,0,0,Safe
CUST1881,457,3,14,0,0,Safe
CUST1882,511,4,73,0,0,Safe
CUST1883,944,4,105,0,0,Safe
CUST1884,989,4,73,0,0,Safe
CUST1885,824,4,105,0,0,Safe
CUST1886,770,3,57,0,0,Safe
CUST1887,602,3,45,0,0,Safe
CUST1888,557,4,75,0,0,Safe
CUST1889,533,3,14,1,1,High Risk
CUST1890,1040,3,13,1,1,High Risk
CUST1891,899,3,21,0,0,Safe
CUST1892,46,3,53,0,0,Safe
CUST1893,540,1,3,1,1,High Risk
CUST1894,10,1,2,1,1,High Risk
CUST1895,745,4,59,0,0,Safe
CUST1896,706,3,22,0,0,Safe
CUST1897,822,3,27,1,1,High Risk
CUST1898,270,3,15,1,0,Safe
CUST1899,253,3,3,0,0,Safe
CUST1900,949,3,5,1,1,High Risk
CUST1901,863,1,12,0,0,Safe
CUST1902,598,3,44,0,0,Safe
CUST1903,837,3,7,0,0,Safe
CUST1904,170,4,49,0,0,Safe
CUST1905,942,4,70,1,1,High Risk
CUST1906,754,3,50,0,0,Safe
CUST1907,243,3,13,1,1,High Risk
CUST1908,464,3,2,1,1,High Risk
CUST1909,468,3,17,0,0,Safe
CUST1910,718,1,5,1,1,High Risk
CUST1911,859,1,4,1,1,High Risk
CUST1912,25,4,33,0,0,Safe
CUST1913,640,3,52,0,0,Safe
CUST1914,920,4,97,0,0,Safe
CUST1915,612,1,1,1,1,High Risk
CUST1916,293,3,42,0,0,Safe
CUST1917,430,1,12,1,1,High Risk
CUST1918,192,1,7,1,1,High Risk
CUST1919,468,4,53,0,0,Safe
CUST1920,690,3,57,1,0,Safe
CUST1921,552,1,6,1,1,High Risk
CUST1922,989,1,9,1,1,High Risk
CUST1923,471,3,19,0,0,Safe
CUST1924,40,4,57,0,0,Safe
CUST1925,114,4,85,0,0,Safe
CUST1926,52,3,18,0,0,Safe
CUST1927,894,4,74,0,0,Safe
CUST1928,597,1,9,1,1,High Risk
CUST1929,64,3,3,1,1,High Risk
CUST1930,226,3,47,0,0,Safe
CUST1931,1068,3,17,0,0,Safe
CUST1932,426,3,26,1,0,Safe
CUST1933,629,4,35,0,0,Safe
CUST1934,1001,4,44,0,0,Safe
CUST1935,542,1,1,1,1,High Risk
CUST1936,893,3,9,0,0,Safe
CUST1937,613,4,43,0,0,Safe
CUST1938,396,3,13,0,1,High Risk
CUST1939,911,4,106,0,0,Safe
CUST1940,984,1,10,1,1,High Risk
CUST1941,700,4,25,0,0,Safe
CUST1942,560,4,42,0,0,Safe
CUST1943,798,3,43,0,0,Safe
CUST1944,353,1,6,1,1,High Risk
CUST1945,486,4,69,0,0,Safe
CUST1946,988,4,21,0,0,Safe
CUST1947,579,4,46,0,0,Safe
CUST1948,318,1,6,1,1,High Risk
CUST1949,16,1,7,1,1,High Risk
CUST1950,816,4,68,0,0,Safe
CUST1951,377,3,45,0,0,Safe
CUST1952,191,3,18,0,0,Safe
CUST1953,89,3,5,1,1,High Risk
CUST1954,100,3,7,1,1,High Risk
CUST1955,1086,4,23,0,0,Safe
CUST1956,423,4,36,1,1,High Risk
CUST1957,866,4,20,0,0,Safe
CUST1958,150,3,37,1,1,High Risk
CUST1959,934,4,97,0,0,Safe
CUST1960,485,1,12,1,1,High Risk
CUST1961,975,3,1,1,1,High Risk
CUST1962,800,4,48,1,1,High Risk
CUST1963,828,3,16,0,0,Safe
CUST1964,727,3,2,0,0,Safe
CUST1965,187,3,31,1,1,High Risk
CUST1966,257,3,9,1,1,High Risk
CUST1967,705,3,2,1,0,Safe
CUST1968,69,3,10,1,1,High Risk
CUST1969,151,1,14,0,0,Safe
CUST1970,340,3,28,0,0,Safe
CUST1971,942,1,2,1,1,High Risk
CUST1972,409,4,66,0,0,Safe
CUST1973,242,1,2,1,1,High Risk
CUST1974,1093,1,14,1,1,High Risk
CUST1975,929,1,9,1,1,High Risk
CUST1976,710,3,21,0,0,Safe
CUST1977,903,4,31,0,0,Safe
CUST1978,190,1,4,1,1,High Risk
CUST1979,45,4,60,0,0,Safe
CUST1980,359,3,51,0,0,Safe
CUST1981,1073,4,22,0,0,Safe
CUST1982,147,4,47,1,0,Safe
CUST1983,146,4,83,0,0,Safe
CUST1984,501,4,113,0,0,Safe
CUST1985,421,3,42,0,0,Safe
CUST1986,226,1,13,1,1,High Risk
CUST1987,500,3,52,1,1,High Risk
CUST1988,466,3,19,0,0,Safe
CUST1989,616,3,37,0,0,Safe
CUST1990,106,3,42,0,0,Safe
CUST1991,282,3,20,0,0,Safe
CUST1992,892,3,2,1,1,High Risk
CUST1993,53,4,33,0,0,Safe
CUST1994,1054,4,45,1,1,High Risk
CUST1995,573,3,21,1,1,High Risk
CUST1996,246,4,56,0,0,Safe
CUST1997,528,3,28,1,1,High Risk
CUST1998,668,3,4,1,1,High Risk
CUST1999,86,3,21,0,0,Safe
CUST2000,470,4,57,0,0,Safe
